Label,Volume (µm^3),Surface (µm^2),X,Y,Z,Width,Height,X-COM,Y-COM,Z-COM,BX,BY,BZ,B-depth
Cell_1,2.317E-12,13.132,81.567,14.642,0,17,13,81.295,14.720,0,74,8,0,0
Cell_2,2.337E-12,18.153,926.901,40.769,0,32,9,927.132,40.753,0,911,37,0,0
Cell_3,1.178E-12,10.428,458.279,48.852,0,10,13,458.108,48.852,0,454,43,0,0
Cell_4,2.704E-13,2.704,466.786,47.643,0,5,9,466.824,47.542,0,464,43,0,0
Cell_5,8.497E-13,8.497,87.227,54.364,0,12,9,87.064,54.445,0,82,50,0,0
Cell_6,1.603E-12,13.518,482.145,58.675,0,14,13,482.171,58.599,0,476,53,0,0
Cell_7,3.862E-13,3.862,1002.750,62.550,0,7,7,1002.864,62.384,0,1000,60,0,0
Cell_8,6.566E-13,6.373,898.294,70.794,0,12,8,898.227,70.820,0,893,68,0,0
Cell_9,3.959E-12,17.960,670.146,95.990,0,21,17,670.525,95.743,0,659,88,0,0
Cell_10,1.642E-12,10.235,424.365,100.694,0,16,12,424.671,100.788,0,415,95,0,0
Cell_11,3.399E-12,13.905,133.375,108.352,0,23,13,133.609,108.314,0,122,102,0,0
Cell_12,1.352E-12,12.939,533.457,116.657,0,15,10,533.725,116.729,0,527,112,0,0
Cell_13,3.090E-13,2.897,519.312,118.938,0,7,5,519.160,118.935,0,516,117,0,0
Cell_14,3.360E-12,14.870,889.190,125.454,0,22,15,888.819,125.624,0,880,119,0,0
Cell_15,2.897E-13,2.704,210.800,129.000,0,7,6,210.835,128.952,0,208,126,0,0
Cell_16,2.433E-12,16.415,51.246,136.794,0,19,15,51.294,136.607,0,42,130,0,0
Cell_17,3.920E-12,17.767,487.488,150.995,0,24,16,488.389,151.063,0,476,144,0,0
Cell_18,4.654E-12,16.801,968.772,175.075,0,22,20,969.146,174.882,0,958,165,0,0
Cell_19,3.071E-12,18.733,842.296,173.252,0,22,17,842.412,173.286,0,831,166,0,0
Cell_20,1.564E-12,11.780,539.839,176.062,0,17,10,540.142,175.965,0,532,172,0,0
Cell_21,1.854E-12,15.256,199.323,179.240,0,20,13,199.609,179.199,0,190,173,0,0
Cell_22,2.607E-12,14.677,471.585,182.430,0,18,13,471.815,182.501,0,462,176,0,0
Cell_23,2.124E-13,2.124,277.273,183.000,0,3,7,277.341,182.767,0,276,180,0,0
Cell_24,3.708E-12,11.587,1009.203,191.490,0,19,20,1008.982,191.771,0,1000,182,0,0
Cell_25,8.690E-13,8.304,895.489,186.800,0,14,9,895.343,186.701,0,889,183,0,0
Cell_26,2.375E-12,14.291,610.472,192.976,0,14,15,610.533,192.991,0,604,186,0,0
Cell_27,1.139E-12,10.815,947.017,201.864,0,18,16,946.879,202.120,0,937,193,0,0
Cell_28,3.669E-12,10.428,881.116,204.253,0,18,16,881.164,204.378,0,873,196,0,0
Cell_29,2.105E-12,19.119,778.367,208.578,0,22,17,778.693,208.438,0,766,200,0,0
Cell_30,1.101E-12,10.428,226.947,228.544,0,19,9,226.870,228.576,0,219,225,0,0
Cell_31,1.777E-12,11.587,236.152,237.935,0,17,11,235.934,237.986,0,229,233,0,0
Cell_32,1.931E-13,1.931,634.100,242.700,0,6,4,633.969,242.644,0,632,241,0,0
Cell_33,3.090E-13,3.090,430.375,246.500,0,7,8,430.375,246.481,0,428,242,0,0
Cell_34,3.244E-12,10.622,699.994,257.214,0,18,15,700.183,256.815,0,692,250,0,0
Cell_35,2.588E-12,12.360,879.209,259.478,0,20,13,878.672,259.720,0,870,253,0,0
Cell_36,4.056E-12,16.608,355.143,269.071,0,24,16,355.287,269.001,0,344,262,0,0
Cell_37,2.626E-12,17.767,155.346,275.515,0,21,14,155.147,275.721,0,146,269,0,0
Cell_38,6.373E-13,5.600,224.030,273.212,0,11,9,224.054,273.279,0,219,269,0,0
Cell_39,5.098E-12,23.367,1002.799,286.110,0,37,13,1003.815,286.191,0,984,280,0,0
Cell_40,4.963E-12,23.754,429.163,296.070,0,26,25,429.633,296.709,0,416,281,0,0
Cell_41,4.036E-12,13.132,902.407,292.455,0,21,16,902.803,292.273,0,892,285,0,0
Cell_42,2.144E-12,15.063,296.613,300.018,0,20,12,296.381,300.126,0,288,294,0,0
Cell_43,5.987E-13,5.600,74.258,300.548,0,10,7,74.267,300.574,0,70,297,0,0
Cell_44,3.650E-12,9.270,853.963,308.868,0,18,15,853.589,308.956,0,846,302,0,0
Cell_45,8.420E-12,25.878,987.761,318.514,0,37,20,986.326,318.880,0,972,309,0,0
Cell_46,3.302E-12,18.539,641.591,324.251,0,24,15,640.453,324.732,0,631,317,0,0
Cell_47,1.931E-13,1.931,482.300,327.100,0,6,5,482.268,327.089,0,480,325,0,0
Cell_48,2.124E-12,8.304,161.355,334.918,0,16,11,161.054,334.826,0,154,330,0,0
Cell_49,1.429E-12,7.725,398.338,335.838,0,14,11,398.538,335.789,0,391,331,0,0
Cell_50,3.051E-12,17.381,738.405,346.709,0,23,15,738.235,346.910,0,727,339,0,0
Cell_51,1.777E-12,11.201,848.500,350.641,0,13,14,848.750,350.702,0,842,344,0,0
Cell_52,1.661E-12,14.870,472.244,354.430,0,14,12,472.417,354.349,0,466,349,0,0
Cell_53,2.317E-13,2.317,865.750,355.583,0,6,5,865.826,355.503,0,863,353,0,0
Cell_54,1.043E-12,9.656,423.870,364.278,0,12,11,424.005,364.278,0,418,359,0,0
Cell_55,1.429E-12,12.167,507.905,363.865,0,20,11,507.959,363.827,0,499,359,0,0
Cell_56,3.090E-13,2.897,862.438,361.000,0,6,5,862.394,361.023,0,860,359,0,0
Cell_57,2.317E-13,1.931,342.417,362.833,0,7,4,342.088,362.828,0,339,361,0,0
Cell_58,3.283E-13,3.090,332.294,365.529,0,7,6,332.275,365.523,0,329,363,0,0
Cell_59,4.249E-12,11.587,693.500,375.236,0,20,20,693.499,375.033,0,685,366,0,0
Cell_60,2.124E-12,9.656,775.264,374.109,0,13,14,775.451,374.027,0,769,367,0,0
Cell_61,2.800E-12,20.664,517.952,379.145,0,21,18,518.267,378.990,0,506,371,0,0
Cell_62,3.843E-12,10.235,998.312,379.000,0,20,17,998.595,378.553,0,989,371,0,0
Cell_63,4.017E-12,13.325,668.365,382.245,0,18,18,667.697,382.418,0,660,374,0,0
Cell_64,4.616E-12,14.484,754.841,390.151,0,20,17,754.677,389.980,0,745,382,0,0
Cell_65,3.862E-12,11.201,615.120,391.515,0,21,15,615.153,391.758,0,605,385,0,0
Cell_66,1.275E-12,12.167,727.909,398.712,0,17,12,727.880,398.727,0,720,392,0,0
Cell_67,5.156E-12,11.394,844.094,400.888,0,22,18,844.687,401.116,0,834,392,0,0
Cell_68,3.032E-12,11.008,929.268,398.873,0,21,14,929.973,398.779,0,918,392,0,0
Cell_69,2.086E-12,16.608,171.352,401.565,0,19,14,171.594,401.237,0,161,395,0,0
Cell_70,3.418E-12,14.677,296.226,401.203,0,24,15,296.139,401.251,0,284,395,0,0
Cell_71,3.186E-12,14.484,597.461,407.430,0,19,15,597.610,407.441,0,588,400,0,0
Cell_72,3.862E-13,3.283,157.000,405.300,0,6,7,157.011,405.238,0,155,402,0,0
Cell_73,9.270E-13,9.077,338.625,413.938,0,12,17,338.678,413.984,0,333,406,0,0
Cell_74,4.828E-13,4.442,565.480,410.520,0,9,10,565.437,410.598,0,561,406,0,0
Cell_75,1.139E-12,8.690,559.831,419.254,0,9,12,559.719,419.420,0,556,413,0,0
Cell_76,5.890E-12,21.436,721.672,426.085,0,31,19,722.644,426.000,0,707,417,0,0
Cell_77,6.566E-13,6.180,275.324,425.588,0,10,10,275.280,425.811,0,272,421,0,0
Cell_78,4.056E-13,4.056,703.619,424.000,0,12,7,703.540,423.954,0,699,421,0,0
Cell_79,1.815E-12,12.360,230.574,427.957,0,15,14,230.755,427.782,0,224,422,0,0
Cell_80,3.862E-13,3.862,393.900,433.550,0,10,6,394.120,433.604,0,390,431,0,0
Cell_81,2.935E-12,17.381,870.961,447.408,0,21,14,871.132,447.323,0,860,441,0,0
Cell_82,1.043E-12,6.759,477.796,446.519,0,11,10,477.810,446.614,0,473,442,0,0
Cell_83,2.742E-12,16.222,1009.310,449.458,0,20,15,1009.145,449.472,0,1000,442,0,0
Cell_84,5.388E-12,24.719,591.165,458.208,0,29,20,591.323,458.147,0,577,449,0,0
Cell_85,5.523E-12,22.788,777.920,459.273,0,23,26,778.309,458.263,0,767,450,0,0
Cell_86,4.326E-12,26.071,310.353,464.112,0,27,21,310.758,464.119,0,297,453,0,0
Cell_87,1.275E-12,9.656,659.273,458.818,0,16,11,659.490,458.766,0,651,454,0,0
Cell_88,4.056E-13,3.862,724.238,466.667,0,5,9,724.195,466.813,0,722,462,0,0
Cell_89,3.592E-12,20.664,972.204,468.554,0,22,16,971.809,468.705,0,963,462,0,0
Cell_90,4.442E-13,4.442,261.609,468.174,0,8,7,261.550,468.112,0,258,465,0,0
Cell_91,3.090E-13,3.090,754.500,468.812,0,6,8,754.596,468.642,0,752,465,0,0
Cell_92,1.951E-12,14.291,524.842,477.168,0,15,14,524.915,477.130,0,518,471,0,0
Cell_93,2.877E-12,19.505,16.027,485.134,0,27,14,15.736,485.040,0,4,478,0,0
Cell_94,4.075E-12,13.905,694.934,488.204,0,19,17,694.939,488.115,0,686,480,0,0
Cell_95,7.918E-13,7.339,734.439,484.610,0,9,12,734.398,484.488,0,730,480,0,0
Cell_96,2.511E-13,2.511,860.462,483.692,0,7,7,860.498,483.569,0,858,480,0,0
Cell_97,2.202E-12,15.450,241.123,486.044,0,19,12,241.255,486.039,0,231,481,0,0
Cell_98,6.972E-12,28.195,396.166,489.410,0,36,19,396.658,489.361,0,378,481,0,0
Cell_99,1.468E-12,11.201,194.947,486.263,0,17,10,194.973,486.242,0,188,482,0,0
Cell_100,4.442E-13,4.442,666.739,490.826,0,9,9,666.749,490.792,0,662,487,0,0
Cell_101,7.532E-13,6.759,931.487,492.051,0,10,11,931.723,491.895,0,927,487,0,0
Cell_102,3.283E-13,3.283,572.647,493.765,0,6,9,572.622,493.936,0,570,490,0,0
Cell_103,2.704E-12,16.801,490.879,501.800,0,17,16,490.248,501.986,0,483,494,0,0
Cell_104,3.824E-12,13.325,799.636,500.359,0,23,15,799.216,500.507,0,789,494,0,0
Cell_105,3.244E-12,16.029,914.518,502.798,0,22,17,914.390,502.998,0,904,494,0,0
Cell_106,4.056E-13,3.862,641.810,498.000,0,9,7,641.655,498.064,0,638,495,0,0
Cell_107,1.545E-12,12.939,136.150,500.350,0,18,10,136.141,500.373,0,127,496,0,0
Cell_108,3.090E-13,2.897,502.062,500.812,0,6,7,502.156,500.767,0,500,498,0,0
Cell_109,3.438E-12,12.746,995.528,513.202,0,16,19,995.335,512.829,0,988,505,0,0
Cell_110,2.511E-13,2.511,447.769,510.769,0,6,6,447.813,510.692,0,445,508,0,0
Cell_111,4.442E-13,4.249,634.391,510.739,0,8,7,634.529,510.791,0,631,508,0,0
Cell_112,2.221E-12,11.780,326.687,515.965,0,18,13,326.745,515.946,0,319,509,0,0
Cell_113,2.704E-12,17.381,442.807,518.936,0,25,17,442.520,519.144,0,432,510,0,0
Cell_114,8.304E-13,6.952,625.442,515.698,0,8,12,625.417,515.594,0,622,510,0,0
Cell_115,2.568E-12,17.960,274.962,520.677,0,17,17,274.928,520.713,0,267,512,0,0
Cell_116,9.849E-13,5.794,868.059,520.176,0,9,10,868.107,520.389,0,864,515,0,0
Cell_117,2.317E-12,18.153,972.875,524.275,0,16,17,972.941,524.237,0,966,516,0,0
Cell_118,2.202E-12,13.518,27.956,523.904,0,17,14,28.408,523.564,0,20,518,0,0
Cell_119,1.603E-12,14.484,768.169,529.602,0,13,15,768.280,529.687,0,762,523,0,0
Cell_120,2.356E-12,11.780,246.377,534.123,0,17,13,246.159,534.207,0,238,527,0,0
Cell_121,2.414E-12,15.836,694.688,534.208,0,14,16,694.644,534.082,0,688,527,0,0
Cell_122,3.090E-13,3.090,181.875,532.500,0,5,9,181.831,532.632,0,180,528,0,0
Cell_123,4.982E-12,13.711,665.136,543.516,0,19,20,665.274,543.823,0,656,534,0,0
Cell_124,2.066E-12,13.518,111.879,542.374,0,15,16,112.028,542.174,0,105,535,0,0
Cell_125,1.236E-12,9.656,522.000,543.062,0,13,11,521.865,542.973,0,517,538,0,0
Cell_126,2.897E-12,18.153,558.280,546.833,0,18,18,558.548,546.483,0,549,540,0,0
Cell_127,1.410E-12,10.042,722.863,548.507,0,15,12,722.794,548.536,0,717,542,0,0
Cell_128,1.699E-12,15.063,814.080,550.614,0,18,14,813.926,550.505,0,805,544,0,0
Cell_129,2.317E-13,2.317,350.333,550.167,0,5,7,350.283,550.248,0,348,547,0,0
Cell_130,1.912E-12,15.643,304.343,557.364,0,17,14,304.651,557.163,0,297,551,0,0
Cell_131,3.631E-12,19.505,850.457,559.819,0,26,17,851.167,559.436,0,837,552,0,0
Cell_132,2.762E-12,18.153,630.189,560.042,0,22,15,630.287,560.091,0,619,553,0,0
Cell_133,1.333E-12,12.360,515.507,564.159,0,16,12,515.613,564.101,0,507,559,0,0
Cell_134,5.600E-13,5.407,171.931,566.828,0,9,10,171.930,566.997,0,169,563,0,0
Cell_135,2.704E-13,2.511,910.143,567.857,0,5,7,910.059,567.847,0,908,565,0,0
Cell_136,5.098E-12,12.167,794.602,576.144,0,25,19,795.329,575.754,0,783,568,0,0
Cell_137,2.839E-12,14.677,979.782,579.231,0,18,15,979.670,579.365,0,972,572,0,0
Cell_138,1.815E-12,14.870,706.372,579.394,0,21,15,706.843,579.700,0,695,573,0,0
Cell_139,3.302E-12,24.719,880.620,585.047,0,27,20,880.597,585.037,0,867,575,0,0
Cell_140,3.515E-12,20.664,176.445,587.379,0,16,24,176.289,587.536,0,170,576,0,0
Cell_141,3.901E-12,27.230,15.391,589.718,0,28,16,16.225,589.571,0,0,582,0,0
Cell_142,3.824E-12,14.098,390.101,592.606,0,22,16,390.173,592.674,0,380,585,0,0
Cell_143,2.568E-12,20.471,822.992,597.090,0,20,18,822.843,597.059,0,814,588,0,0
Cell_144,4.828E-13,4.828,654.680,593.800,0,9,9,654.789,593.721,0,651,590,0,0
Cell_145,3.534E-12,13.905,958.219,604.601,0,16,18,958.169,604.440,0,951,596,0,0
Cell_146,8.304E-13,6.952,197.070,602.093,0,9,11,196.992,602.187,0,193,597,0,0
Cell_147,4.442E-12,14.291,299.426,606.400,0,23,16,298.930,606.453,0,288,599,0,0
Cell_148,2.607E-12,13.325,481.785,614.963,0,14,17,481.896,615.147,0,475,607,0,0
Cell_149,2.047E-12,12.553,589.160,612.047,0,19,11,589.265,612.215,0,580,607,0,0
Cell_150,2.317E-13,2.317,759.917,610.083,0,5,8,759.943,610.402,0,758,607,0,0
Cell_151,9.270E-13,7.532,920.229,611.583,0,11,10,920.325,611.581,0,915,607,0,0
Cell_152,3.882E-12,11.394,663.085,618.154,0,24,15,662.872,618.125,0,651,611,0,0
Cell_153,2.935E-12,16.994,887.487,618.349,0,17,15,886.775,618.667,0,879,611,0,0
Cell_154,2.704E-13,2.704,439.357,614.000,0,8,6,439.379,614.000,0,436,612,0,0
Cell_155,3.090E-13,2.897,350.438,616.625,0,4,9,350.392,616.758,0,349,613,0,0
Cell_156,4.654E-12,15.643,734.705,625.490,0,15,26,734.542,625.775,0,728,613,0,0
Cell_157,3.669E-13,3.283,788.842,619.737,0,8,6,788.961,619.692,0,785,617,0,0
Cell_158,2.704E-13,2.511,835.500,620.429,0,5,6,835.421,620.442,0,833,618,0,0
Cell_159,5.002E-12,28.775,703.409,632.459,0,23,27,703.209,632.133,0,693,619,0,0
Cell_160,3.611E-12,15.256,421.679,629.139,0,20,18,421.676,629.387,0,412,621,0,0
Cell_161,3.322E-12,13.905,565.244,632.547,0,17,18,565.045,632.165,0,558,624,0,0
Cell_162,1.217E-12,10.428,633.651,633.413,0,12,14,633.684,633.591,0,628,626,0,0
Cell_163,5.465E-12,27.423,250.410,634.516,0,39,14,248.585,634.520,0,234,628,0,0
Cell_164,1.699E-12,14.484,63.398,638.705,0,18,13,63.685,638.677,0,53,632,0,0
Cell_165,2.897E-12,13.325,999.920,641.660,0,14,18,999.546,641.752,0,994,633,0,0
Cell_166,2.742E-12,17.188,607.211,645.423,0,22,12,607.176,645.254,0,596,640,0,0
Cell_167,1.545E-12,12.553,772.713,645.775,0,14,16,772.708,645.466,0,765,640,0,0
Cell_168,1.526E-12,14.291,201.165,647.456,0,16,14,201.196,647.380,0,194,642,0,0
Cell_169,6.373E-13,6.180,115.061,647.606,0,10,11,115.146,647.509,0,111,643,0,0
Cell_170,2.356E-12,15.836,905.303,649.869,0,18,13,905.160,649.909,0,897,644,0,0
Cell_171,2.317E-13,2.317,108.250,650.750,0,6,7,108.308,650.659,0,106,648,0,0
Cell_172,1.255E-12,11.201,164.169,655.785,0,15,11,164.324,655.884,0,157,650,0,0
Cell_173,7.725E-13,7.145,341.100,652.825,0,15,8,341.328,652.725,0,334,650,0,0
Cell_174,3.824E-12,11.973,940.808,658.066,0,22,15,940.988,658.058,0,929,651,0,0
Cell_175,3.090E-13,2.897,469.750,655.812,0,6,7,469.924,655.782,0,467,653,0,0
Cell_176,8.690E-13,6.566,872.689,656.556,0,11,8,872.633,656.489,0,868,653,0,0
Cell_177,5.794E-13,5.214,331.833,659.233,0,9,10,331.973,659.150,0,328,655,0,0
Cell_178,2.375E-12,12.360,352.480,665.301,0,17,17,352.772,665.088,0,344,657,0,0
Cell_179,4.056E-13,3.862,26.000,661.571,0,11,6,25.908,661.533,0,21,659,0,0
Cell_180,3.940E-12,12.553,658.275,666.603,0,22,16,658.687,666.419,0,648,659,0,0
Cell_181,5.407E-13,4.056,377.500,665.893,0,7,8,377.548,665.988,0,374,662,0,0
Cell_182,3.978E-12,28.582,278.291,673.126,0,24,22,279.310,673.443,0,265,663,0,0
Cell_183,3.129E-12,16.222,883.685,671.944,0,16,17,883.815,671.876,0,875,663,0,0
Cell_184,2.511E-13,2.511,863.769,666.769,0,4,6,863.776,666.806,0,862,664,0,0
Cell_185,2.221E-12,16.029,970.643,671.009,0,18,16,970.686,671.035,0,963,664,0,0
Cell_186,3.920E-12,14.291,601.901,674.857,0,22,18,602.126,674.933,0,591,666,0,0
Cell_187,2.704E-13,2.704,256.286,670.929,0,5,7,256.296,671.043,0,254,668,0,0
Cell_188,2.800E-12,14.870,436.434,677.186,0,18,18,436.468,677.147,0,428,669,0,0
Cell_189,1.217E-12,11.008,695.286,679.206,0,13,12,695.130,679.076,0,689,674,0,0
Cell_190,3.283E-12,13.518,774.224,683.265,0,17,17,774.263,683.302,0,767,676,0,0
Cell_191,3.862E-12,11.780,740.285,686.990,0,19,18,740.291,686.944,0,732,678,0,0
Cell_192,3.090E-13,3.090,167.875,681.188,0,7,6,167.940,681.153,0,164,679,0,0
Cell_193,3.264E-12,18.539,70.361,688.592,0,21,16,70.184,688.375,0,61,682,0,0
Cell_194,2.955E-12,14.484,455.425,689.647,0,18,17,455.234,689.646,0,447,682,0,0
Cell_195,4.635E-13,4.249,218.875,686.625,0,12,8,219.019,686.526,0,214,684,0,0
Cell_196,2.453E-12,14.484,496.598,691.945,0,16,19,496.833,691.729,0,488,685,0,0
Cell_197,3.669E-13,3.283,548.211,688.474,0,7,6,548.485,688.393,0,545,686,0,0
Cell_198,1.622E-12,11.201,678.095,694.940,0,18,12,678.030,694.992,0,670,690,0,0
Cell_199,3.495E-12,16.801,849.088,698.155,0,18,18,849.281,698.221,0,840,690,0,0
Cell_200,2.298E-12,14.291,791.429,698.891,0,18,16,791.261,698.850,0,783,692,0,0
Cell_201,2.781E-12,16.608,633.118,701.188,0,14,21,633.205,700.532,0,627,693,0,0
Cell_202,2.916E-12,8.883,135.437,700.113,0,17,14,135.005,700.225,0,128,694,0,0
Cell_203,2.530E-12,18.926,722.374,703.710,0,16,17,722.386,703.652,0,716,695,0,0
Cell_204,2.511E-13,2.511,481.538,698.077,0,6,5,481.560,698.130,0,480,696,0,0
Cell_205,1.487E-12,13.518,73.312,703.948,0,15,15,73.138,704.011,0,67,697,0,0
Cell_206,3.013E-12,20.857,974.103,705.006,0,21,16,973.807,705.055,0,964,698,0,0
Cell_207,1.101E-12,10.622,343.000,706.088,0,12,15,342.955,706.010,0,337,700,0,0
Cell_208,2.684E-12,12.167,37.000,713.266,0,17,15,37.086,713.079,0,29,706,0,0
Cell_209,5.987E-13,5.407,644.484,711.323,0,9,8,644.713,711.265,0,640,708,0,0
Cell_210,1.390E-12,9.270,558.458,716.111,0,14,13,558.298,716.268,0,552,710,0,0
Cell_211,3.573E-12,14.870,827.551,718.368,0,22,16,827.697,718.533,0,819,710,0,0
Cell_212,4.345E-12,32.444,882.973,725.711,0,20,29,883.006,725.522,0,874,711,0,0
Cell_213,3.669E-13,3.669,897.158,719.737,0,8,7,897.183,719.866,0,894,717,0,0
Cell_214,1.796E-12,10.815,407.387,726.065,0,12,17,407.447,725.880,0,401,718,0,0
Cell_215,2.124E-13,2.124,758.273,719.636,0,7,4,758.219,719.643,0,755,718,0,0
Cell_216,2.858E-12,16.801,739.730,728.527,0,20,14,739.493,728.479,0,730,722,0,0
Cell_217,1.854E-12,11.587,144.771,731.594,0,12,14,145.024,731.456,0,139,725,0,0
Cell_218,4.133E-12,17.574,687.393,731.972,0,28,14,688.068,732.056,0,674,725,0,0
Cell_219,1.139E-12,8.497,446.881,731.763,0,12,12,446.864,731.724,0,441,727,0,0
Cell_220,1.815E-12,12.360,247.277,735.851,0,11,15,247.104,735.778,0,242,728,0,0
Cell_221,8.304E-13,7.918,469.209,733.256,0,11,13,469.250,733.323,0,464,728,0,0
Cell_222,4.809E-12,21.822,964.835,734.779,0,32,15,965.418,734.653,0,949,728,0,0
Cell_223,2.549E-12,17.574,374.341,737.720,0,17,16,374.133,737.679,0,367,730,0,0
Cell_224,1.139E-12,11.008,188.966,739.169,0,12,12,189.033,739.282,0,183,734,0,0
Cell_225,2.626E-12,22.981,604.015,747.037,0,25,13,603.945,746.938,0,592,741,0,0
Cell_226,4.056E-13,4.056,195.571,746.095,0,8,11,195.659,745.988,0,192,742,0,0
Cell_227,3.341E-12,14.484,942.110,751.566,0,17,18,941.820,751.103,0,934,744,0,0
Cell_228,1.931E-13,1.931,771.600,746.400,0,7,4,771.379,746.496,0,769,745,0,0
Cell_229,5.987E-12,28.775,304.616,755.181,0,28,24,305.198,755.084,0,290,747,0,0
Cell_230,3.186E-12,11.587,659.885,755.576,0,18,14,659.365,755.562,0,652,749,0,0
Cell_231,2.897E-13,2.897,989.533,752.800,0,6,6,989.451,752.775,0,987,750,0,0
Cell_232,4.249E-13,4.056,41.727,758.045,0,8,8,41.630,758.010,0,38,754,0,0
Cell_233,4.828E-13,4.828,980.560,757.720,0,9,9,980.555,757.673,0,977,754,0,0
Cell_234,3.669E-13,3.669,490.842,759.684,0,6,9,490.838,759.631,0,488,756,0,0
Cell_235,2.897E-13,2.897,858.600,759.667,0,8,5,858.646,759.701,0,855,758,0,0
Cell_236,2.124E-13,2.124,278.727,761.818,0,6,5,278.629,761.855,0,276,760,0,0
Cell_237,2.646E-12,16.994,763.883,772.920,0,18,20,763.996,773.148,0,756,761,0,0
Cell_238,2.704E-13,2.511,936.214,764.286,0,7,5,936.124,764.249,0,934,762,0,0
Cell_239,9.849E-13,8.690,597.157,768.275,0,13,10,597.185,768.241,0,592,764,0,0
Cell_240,7.532E-13,6.952,948.180,768.923,0,10,11,948.184,768.974,0,943,764,0,0
Cell_241,4.442E-13,4.442,585.522,767.783,0,11,6,585.280,767.838,0,580,765,0,0
Cell_242,3.090E-12,17.960,188.969,772.481,0,22,13,188.884,772.599,0,178,766,0,0
Cell_243,1.062E-12,10.235,269.164,771.309,0,15,11,269.133,771.271,0,262,766,0,0
Cell_244,2.511E-13,2.317,772.154,768.692,0,7,6,771.868,768.484,0,769,766,0,0
Cell_245,3.998E-12,14.677,369.749,776.628,0,18,18,369.698,776.632,0,361,768,0,0
Cell_246,5.407E-13,4.249,336.393,772.929,0,10,6,336.669,772.876,0,331,770,0,0
Cell_247,1.931E-13,1.931,589.500,772.500,0,4,6,589.318,772.659,0,588,770,0,0
Cell_248,2.124E-12,11.780,319.791,779.200,0,16,16,319.601,779.336,0,313,771,0,0
Cell_249,1.487E-12,11.008,728.818,778.182,0,12,14,728.620,778.077,0,723,771,0,0
Cell_250,1.893E-12,15.643,839.398,778.388,0,15,16,839.399,778.410,0,832,771,0,0
Cell_251,4.442E-13,4.442,406.087,777.435,0,7,9,406.031,777.451,0,403,773,0,0
Cell_252,7.918E-13,7.725,955.293,777.049,0,11,9,955.533,776.965,0,950,773,0,0
Cell_253,1.333E-12,9.849,476.884,777.565,0,16,9,476.866,777.445,0,469,774,0,0
Cell_254,2.433E-12,18.733,864.810,780.579,0,21,13,865.235,780.577,0,855,775,0,0
Cell_255,2.453E-12,16.415,907.449,782.559,0,20,13,907.402,782.701,0,898,776,0,0
Cell_256,2.453E-12,21.436,699.165,786.520,0,15,20,699.148,786.592,0,692,777,0,0
Cell_257,1.120E-12,8.883,120.241,782.621,0,14,9,120.373,782.679,0,113,779,0,0
Cell_258,2.935E-12,17.188,428.829,788.408,0,19,17,428.797,788.294,0,420,781,0,0
Cell_259,1.931E-13,1.931,822.200,784.100,0,5,3,822.153,784.125,0,820,783,0,0
Cell_260,1.564E-12,13.518,137.617,792.037,0,16,14,137.531,791.973,0,131,786,0,0
Cell_261,8.883E-13,7.532,332.848,795.565,0,9,9,332.796,795.574,0,329,791,0,0
Cell_262,1.931E-13,1.738,341.500,793.100,0,6,3,341.485,793.046,0,339,792,0,0
Cell_263,3.109E-12,20.857,388.342,801.106,0,22,20,388.318,801.022,0,378,792,0,0
Cell_264,2.897E-13,2.897,67.200,802.800,0,3,8,67.166,802.797,0,66,799,0,0
Cell_265,1.642E-12,11.201,652.506,804.553,0,14,12,652.614,804.591,0,646,799,0,0
Cell_266,3.804E-12,25.299,114.025,808.898,0,27,17,114.385,808.944,0,100,800,0,0
Cell_267,1.313E-12,11.587,193.868,809.088,0,12,15,193.767,809.138,0,188,802,0,0
Cell_268,5.794E-13,5.600,235.133,805.400,0,10,9,234.995,805.378,0,231,802,0,0
Cell_269,3.708E-12,9.656,960.469,815.109,0,15,17,959.960,814.970,0,954,807,0,0
Cell_270,3.476E-13,3.283,244.778,812.111,0,5,8,244.853,812.007,0,243,809,0,0
Cell_271,4.113E-12,18.733,749.901,819.066,0,26,17,751.399,819.092,0,736,811,0,0
Cell_272,4.616E-12,13.325,486.787,821.803,0,17,22,486.305,821.974,0,479,812,0,0
Cell_273,3.090E-13,3.090,565.062,815.438,0,9,4,564.932,815.341,0,561,814,0,0
Cell_274,3.747E-12,23.947,312.644,824.180,0,20,19,312.858,823.952,0,304,815,0,0
Cell_275,3.244E-12,13.325,227.435,826.720,0,20,15,227.672,826.778,0,218,819,0,0
Cell_276,1.642E-12,11.008,412.059,828.224,0,15,13,411.956,828.331,0,405,821,0,0
Cell_277,2.762E-12,20.471,797.692,835.364,0,17,18,797.859,835.597,0,789,827,0,0
Cell_278,3.476E-12,21.436,894.628,840.111,0,15,24,894.665,839.956,0,888,829,0,0
Cell_279,2.086E-12,16.415,156.435,837.528,0,17,16,156.476,837.392,0,148,830,0,0
Cell_280,2.897E-13,2.704,702.333,834.667,0,7,5,702.351,834.590,0,699,832,0,0
Cell_281,4.558E-12,13.518,523.258,844.106,0,18,20,523.322,844.182,0,515,834,0,0
Cell_282,5.311E-12,21.822,860.004,842.025,0,24,17,859.804,841.863,0,848,834,0,0
Cell_283,1.931E-13,1.931,699.200,838.700,0,8,3,699.259,838.744,0,696,838,0,0
Cell_284,3.013E-12,24.333,262.776,848.795,0,21,18,262.724,848.883,0,253,840,0,0
Cell_285,1.371E-12,11.973,681.775,852.268,0,11,19,681.719,852.107,0,677,844,0,0
Cell_286,5.118E-12,27.230,997.604,853.238,0,25,20,997.944,852.947,0,984,844,0,0
Cell_287,2.240E-12,14.291,75.621,855.069,0,21,11,75.891,855.149,0,65,850,0,0
Cell_288,1.024E-12,9.463,732.208,853.981,0,13,11,731.943,853.966,0,727,850,0,0
Cell_289,1.719E-12,13.325,746.910,859.472,0,14,17,746.889,859.662,0,740,850,0,0
Cell_290,2.897E-13,2.897,772.400,852.733,0,7,7,772.376,852.560,0,770,850,0,0
Cell_291,2.317E-13,2.317,427.667,853.833,0,5,4,427.807,853.934,0,426,852,0,0
Cell_292,9.077E-13,7.918,109.681,856.468,0,13,8,109.682,856.377,0,104,853,0,0
Cell_293,3.438E-12,13.905,192.938,866.410,0,17,21,193.030,866.517,0,184,857,0,0
Cell_294,2.433E-12,18.346,461.000,864.143,0,21,13,461.597,864.061,0,450,859,0,0
Cell_295,2.993E-12,26.650,36.458,871.206,0,22,19,36.497,871.244,0,26,861,0,0
Cell_296,3.476E-13,3.476,229.056,864.556,0,7,7,229.020,864.531,0,226,862,0,0
Cell_297,2.820E-12,11.780,845.897,874.479,0,17,16,846.451,874.778,0,837,866,0,0
Cell_298,2.955E-12,14.098,107.641,875.261,0,22,13,107.674,875.082,0,97,870,0,0
Cell_299,2.453E-12,20.664,660.244,876.638,0,21,15,660.109,876.653,0,650,870,0,0
Cell_300,3.843E-12,14.291,808.040,877.910,0,21,14,807.176,877.962,0,799,871,0,0
Cell_301,4.171E-12,13.711,302.403,881.778,0,18,21,302.525,881.677,0,294,872,0,0
Cell_302,3.476E-12,17.767,505.939,877.311,0,23,12,505.914,877.261,0,495,872,0,0
Cell_303,7.339E-13,6.952,166.605,876.579,0,10,10,166.651,876.436,0,162,873,0,0
Cell_304,2.298E-12,13.132,74.849,880.723,0,18,13,74.694,880.727,0,67,875,0,0
Cell_305,3.090E-13,2.897,159.000,879.125,0,6,7,158.999,879.087,0,156,876,0,0
Cell_306,6.180E-13,5.794,698.781,882.750,0,12,10,698.741,882.799,0,694,878,0,0
Cell_307,1.024E-12,9.656,562.585,884.509,0,14,12,562.729,884.367,0,556,879,0,0
Cell_308,1.139E-12,10.622,875.119,890.322,0,16,9,874.956,890.225,0,868,887,0,0
Cell_309,4.075E-12,17.767,771.569,894.682,0,29,14,770.626,894.539,0,759,888,0,0
Cell_310,1.197E-12,10.815,629.129,898.145,0,10,15,629.060,898.136,0,625,892,0,0
Cell_311,1.931E-13,1.931,432.200,897.800,0,8,5,432.281,897.642,0,429,896,0,0
Cell_312,2.858E-12,19.505,406.081,906.642,0,17,17,405.871,906.202,0,399,899,0,0
Cell_313,2.008E-12,15.256,600.663,909.308,0,12,19,600.812,909.086,0,595,901,0,0
Cell_314,2.974E-12,16.801,332.669,913.169,0,18,21,332.616,913.063,0,325,904,0,0
Cell_315,4.789E-12,20.278,366.423,917.206,0,27,20,366.024,917.533,0,354,908,0,0
Cell_316,4.056E-13,4.056,33.476,914.429,0,9,9,33.467,914.553,0,30,910,0,0
Cell_317,2.163E-12,18.346,199.045,917.527,0,21,12,199.220,917.519,0,189,912,0,0
Cell_318,5.021E-13,4.828,66.654,917.962,0,8,9,66.618,917.997,0,63,914,0,0
Cell_319,2.453E-12,12.746,675.268,919.323,0,20,12,675.529,919.190,0,665,914,0,0
Cell_320,1.603E-12,15.450,27.048,923.663,0,13,18,27.050,923.634,0,21,915,0,0
Cell_321,2.897E-13,2.897,662.200,924.000,0,7,7,662.170,924.139,0,659,920,0,0
Cell_322,5.407E-13,5.214,60.000,926.464,0,8,12,60.113,926.327,0,56,921,0,0
Cell_323,3.476E-13,3.476,455.667,930.167,0,5,10,455.694,930.213,0,453,925,0,0
Cell_324,3.476E-13,3.283,768.111,928.611,0,6,6,768.079,928.507,0,766,926,0,0
Cell_325,4.654E-12,15.450,277.805,934.033,0,28,15,277.603,934.179,0,265,927,0,0
Cell_326,3.476E-12,11.780,748.050,936.072,0,20,16,748.755,936.242,0,738,929,0,0
Cell_327,3.476E-13,3.476,452.556,933.722,0,8,8,452.648,933.729,0,449,930,0,0
Cell_328,3.611E-12,13.325,816.364,943.572,0,18,16,816.375,943.528,0,809,936,0,0
Cell_329,3.669E-12,17.188,705.058,947.426,0,24,16,704.883,947.452,0,693,940,0,0
Cell_330,2.317E-13,2.317,69.417,943.917,0,6,8,69.250,944.016,0,67,941,0,0
Cell_331,5.987E-12,27.423,571.900,954.432,0,23,26,572.145,953.784,0,562,944,0,0
Cell_332,2.549E-12,17.188,429.720,952.636,0,21,15,429.420,952.630,0,421,946,0,0
Cell_333,6.566E-13,5.407,683.118,950.971,0,8,10,683.108,951.223,0,680,946,0,0
Cell_334,3.186E-12,12.553,615.255,955.364,0,20,16,614.897,955.471,0,606,948,0,0
Cell_335,2.568E-12,15.450,334.398,961.173,0,16,18,334.556,961.104,0,325,953,0,0
Cell_336,3.573E-12,21.822,302.286,966.535,0,24,20,301.396,966.952,0,292,957,0,0
Cell_337,2.375E-12,13.905,472.691,963.041,0,20,11,472.613,962.794,0,464,958,0,0
Cell_338,4.461E-12,19.698,628.671,970.610,0,23,23,628.551,970.426,0,617,958,0,0
Cell_339,1.642E-12,12.939,368.153,964.753,0,13,14,368.269,964.780,0,362,959,0,0
Cell_340,3.476E-13,3.476,962.667,963.167,0,9,9,962.642,963.180,0,959,960,0,0
Cell_341,3.631E-12,13.905,124.952,970.798,0,20,18,125.376,970.481,0,115,963,0,0
Cell_342,4.422E-12,16.801,1003.140,971.555,0,32,15,1001.820,971.552,0,987,965,0,0
Cell_343,3.862E-13,3.862,237.050,970.350,0,8,8,237.111,970.238,0,233,968,0,0
Cell_344,1.468E-12,11.973,247.671,971.987,0,18,11,248.082,971.655,0,238,968,0,0
Cell_345,2.877E-12,17.381,174.691,975.134,0,20,14,174.851,974.919,0,165,969,0,0
Cell_346,7.339E-13,7.339,430.263,978.974,0,13,9,430.263,979.023,0,424,975,0,0
Cell_347,1.410E-12,8.690,666.808,984.877,0,11,14,667.041,984.414,0,662,979,0,0
Cell_348,4.056E-13,4.056,985.524,985.000,0,9,7,985.564,984.914,0,982,982,0,0
Cell_349,2.781E-12,14.677,689.493,990.694,0,14,18,689.379,990.280,0,683,983,0,0
Cell_350,1.236E-12,9.270,403.891,990.406,0,11,11,403.818,990.385,0,399,986,0,0
Cell_351,3.380E-12,16.994,765.577,996.126,0,18,17,765.919,996.055,0,757,988,0,0
Cell_352,2.626E-12,16.029,117.809,998.978,0,12,24,117.876,998.777,0,112,989,0,0
Cell_353,2.317E-12,20.084,197.442,1001.292,0,21,19,197.582,1001.174,0,187,992,0,0
Cell_354,4.249E-13,4.249,294.045,996.773,0,6,9,294.053,996.743,0,292,993,0,0
Cell_355,8.497E-13,7.918,356.477,997.455,0,14,10,356.496,997.636,0,351,993,0,0
Cell_356,2.124E-13,2.124,287.909,996.909,0,5,5,287.840,996.851,0,286,995,0,0
Cell_357,3.167E-12,14.291,154.994,1005.421,0,19,16,155.393,1005.398,0,146,998,0,0
Cell_358,1.931E-13,1.931,538.100,1001.800,0,5,6,538.214,1001.792,0,536,999,0,0
Cell_359,3.669E-12,10.042,590.026,1008.490,0,15,19,589.914,1008.551,0,583,1000,0,0
Cell_360,1.931E-13,1.931,112.400,1006.000,0,4,5,112.429,1005.880,0,111,1004,0,0
Cell_361,2.511E-13,2.317,742.308,1009.692,0,7,4,742.148,1009.869,0,739,1008,0,0
